{"stats":{"minecraft:picked_up":{"minecraft:wheat_seeds":2,"minecraft:dandelion":3,"minecraft:dirt":18},"minecraft:used":{"minecraft:dirt":14,"minecraft:dandelion":1},"minecraft:mined":{"minecraft:tall_grass":17,"minecraft:fire":2,"minecraft:short_grass":15,"minecraft:grass_block":14,"minecraft:dandelion":2,"minecraft:dirt":4},"minecraft:custom":{"minecraft:jump":66,"minecraft:time_since_rest":7729,"minecraft:leave_game":1,"minecraft:crouch_one_cm":83,"minecraft:sprint_one_cm":11650,"minecraft:play_time":7729,"minecraft:time_since_death":7729,"minecraft:walk_one_cm":5889,"minecraft:sneak_time":8,"minecraft:total_world_time":7729,"minecraft:fall_one_cm":2415,"minecraft:fly_one_cm":14390}},"DataVersion":3955}