{"stats":{"minecraft:used":{"minecraft:dirt":2,"minecraft:egg":1},"minecraft:picked_up":{"minecraft:wheat_seeds":3,"minecraft:dandelion":1,"minecraft:oak_log":6,"minecraft:pointed_dripstone":4,"minecraft:dirt":14,"minecraft:egg":1},"minecraft:killed_by":{"minecraft:creeper":1},"minecraft:custom":{"minecraft:time_since_rest":8829,"minecraft:crouch_one_cm":368,"minecraft:deaths":1,"minecraft:sprint_one_cm":21092,"minecraft:play_time":9584,"minecraft:damage_taken":618,"minecraft:walk_one_cm":9428,"minecraft:sneak_time":91,"minecraft:drop":1,"minecraft:jump":197,"minecraft:damage_dealt":45,"minecraft:leave_game":2,"minecraft:walk_on_water_one_cm":501,"minecraft:time_since_death":8774,"minecraft:total_world_time":9584,"minecraft:fall_one_cm":9532,"minecraft:fly_one_cm":39605},"minecraft:dropped":{"minecraft:pointed_dripstone":1},"minecraft:mined":{"minecraft:short_grass":16,"minecraft:pointed_dripstone":1,"minecraft:grass_block":10,"minecraft:oak_log":6,"minecraft:dirt":2,"minecraft:tall_grass":10,"minecraft:dandelion":1}},"DataVersion":3955}