{"stats":{"minecraft:used":{"minecraft:dirt":2},"minecraft:picked_up":{"minecraft:wheat_seeds":1,"minecraft:dirt":4},"minecraft:killed_by":{"minecraft:creeper":1},"minecraft:custom":{"minecraft:jump":31,"minecraft:time_since_rest":2293,"minecraft:damage_dealt":10,"minecraft:damage_taken":588,"minecraft:leave_game":2,"minecraft:play_time":3048,"minecraft:sprint_one_cm":5875,"minecraft:time_since_death":2238,"minecraft:walk_one_cm":3641,"minecraft:deaths":1,"minecraft:total_world_time":3048,"minecraft:fall_one_cm":4116,"minecraft:fly_one_cm":10094},"minecraft:mined":{"minecraft:tall_grass":1,"minecraft:short_grass":7,"minecraft:grass_block":3,"minecraft:dirt":1}},"DataVersion":3955}