{"stats":{"minecraft:crafted":{"minecraft:oak_planks":24,"minecraft:crafting_table":2,"minecraft:stick":8,"minecraft:wooden_pickaxe":2,"minecraft:stone_pickaxe":2},"minecraft:used":{"minecraft:stone_pickaxe":1,"minecraft:wooden_pickaxe":8,"minecraft:dirt":15,"minecraft:crafting_table":2,"minecraft:porkchop":3,"minecraft:egg":1,"minecraft:dandelion":2},"minecraft:custom":{"minecraft:time_since_rest":3785,"minecraft:sprint_one_cm":79990,"minecraft:damage_taken":1657,"minecraft:walk_one_cm":30504,"minecraft:mob_kills":2,"minecraft:drop":6,"minecraft:damage_dealt":333,"minecraft:swim_one_cm":3271,"minecraft:interact_with_crafting_table":2,"minecraft:fly_one_cm":135530,"minecraft:crouch_one_cm":368,"minecraft:play_time":22580,"minecraft:deaths":4,"minecraft:sneak_time":96,"minecraft:walk_under_water_one_cm":32,"minecraft:jump":625,"minecraft:leave_game":4,"minecraft:walk_on_water_one_cm":1032,"minecraft:time_since_death":3752,"minecraft:total_world_time":22580,"minecraft:fall_one_cm":34875},"minecraft:dropped":{"minecraft:wheat_seeds":4,"minecraft:pointed_dripstone":1,"minecraft:wooden_pickaxe":1},"minecraft:killed_by":{"minecraft:skeleton":1,"minecraft:creeper":2},"minecraft:killed":{"minecraft:pig":1,"minecraft:spider":1},"minecraft:picked_up":{"minecraft:crafting_table":1,"minecraft:dandelion":7,"minecraft:wooden_pickaxe":1,"minecraft:porkchop":3,"minecraft:oak_log":6,"minecraft:pointed_dripstone":4,"minecraft:dirt":25,"minecraft:wheat_seeds":7,"minecraft:cobblestone":8,"minecraft:egg":1},"minecraft:mined":{"minecraft:large_fern":3,"minecraft:dandelion":7,"minecraft:crafting_table":1,"minecraft:short_grass":40,"minecraft:pointed_dripstone":1,"minecraft:grass_block":18,"minecraft:oak_log":6,"minecraft:dirt":6,"minecraft:tall_grass":19,"minecraft:stone":8}},"DataVersion":3955}