{"stats":{"minecraft:crafted":{"minecraft:oak_planks":40,"minecraft:wooden_shovel":2,"minecraft:stone_shovel":1,"minecraft:crafting_table":2,"minecraft:spruce_planks":24,"minecraft:stick":36,"minecraft:wooden_pickaxe":2,"minecraft:stone_pickaxe":1,"minecraft:wooden_axe":2,"minecraft:stone_sword":1,"minecraft:furnace":2,"minecraft:white_bed":1,"minecraft:birch_planks":56,"minecraft:stone_axe":1,"minecraft:air":0,"minecraft:cooked_mutton":6},"minecraft:used":{"minecraft:cooked_mutton":4,"minecraft:wooden_axe":18,"minecraft:stone_sword":5,"minecraft:stone_pickaxe":15,"minecraft:wooden_pickaxe":25,"minecraft:wooden_shovel":1,"minecraft:stone_axe":27,"minecraft:crafting_table":5,"minecraft:furnace":2,"minecraft:white_bed":1},"minecraft:custom":{"minecraft:time_since_rest":11953,"minecraft:interact_with_furnace":4,"minecraft:sprint_one_cm":56720,"minecraft:damage_taken":771,"minecraft:walk_one_cm":41154,"minecraft:mob_kills":16,"minecraft:damage_dealt":1733,"minecraft:swim_one_cm":8035,"minecraft:interact_with_crafting_table":7,"minecraft:fly_one_cm":74937,"minecraft:crouch_one_cm":3122,"minecraft:play_time":20128,"minecraft:deaths":2,"minecraft:sneak_time":1138,"minecraft:walk_under_water_one_cm":2089,"minecraft:jump":383,"minecraft:leave_game":4,"minecraft:time_since_death":14535,"minecraft:walk_on_water_one_cm":1154,"minecraft:sleep_in_bed":1,"minecraft:total_world_time":20128,"minecraft:fall_one_cm":9772},"minecraft:killed_by":{"minecraft:creeper":1,"minecraft:zombie":1},"minecraft:killed":{"minecraft:sheep":2,"minecraft:zombie":2,"minecraft:pig":9,"minecraft:chicken":2,"minecraft:creeper":1},"minecraft:picked_up":{"minecraft:birch_log":14,"minecraft:stick":2,"minecraft:crafting_table":5,"minecraft:feather":2,"minecraft:chicken":2,"minecraft:brown_wool":1,"minecraft:porkchop":17,"minecraft:oak_log":14,"minecraft:gunpowder":1,"minecraft:white_bed":1,"minecraft:spruce_log":6,"minecraft:carrot":1,"minecraft:spruce_planks":14,"minecraft:sugar_cane":5,"minecraft:mutton":8,"minecraft:coal":13,"minecraft:white_wool":3,"minecraft:cobblestone":25,"minecraft:furnace":2,"minecraft:egg":2},"minecraft:mined":{"minecraft:white_bed":1,"minecraft:furnace":2,"minecraft:birch_log":14,"minecraft:spruce_log":6,"minecraft:crafting_table":5,"minecraft:short_grass":3,"minecraft:coal_ore":13,"minecraft:oak_log":14,"minecraft:spruce_leaves":2,"minecraft:stone":25,"minecraft:sugar_cane":2,"minecraft:oak_leaves":1}},"DataVersion":3955}