{"stats":{"minecraft:used":{"minecraft:wooden_axe":5,"minecraft:crafting_table":2},"minecraft:picked_up":{"minecraft:crafting_table":2,"minecraft:porkchop":3,"minecraft:oak_log":14,"minecraft:mutton":4,"minecraft:white_wool":2},"minecraft:killed":{"minecraft:sheep":1,"minecraft:pig":1},"minecraft:killed_by":{"minecraft:creeper":1,"minecraft:zombie":1},"minecraft:custom":{"minecraft:time_since_rest":2302,"minecraft:crouch_one_cm":902,"minecraft:damage_taken":478,"minecraft:play_time":7867,"minecraft:sprint_one_cm":20248,"minecraft:walk_one_cm":14350,"minecraft:deaths":2,"minecraft:sneak_time":303,"minecraft:mob_kills":2,"minecraft:jump":179,"minecraft:damage_dealt":293,"minecraft:leave_game":1,"minecraft:time_since_death":2274,"minecraft:walk_on_water_one_cm":121,"minecraft:total_world_time":7867,"minecraft:interact_with_crafting_table":2,"minecraft:fall_one_cm":7204,"minecraft:fly_one_cm":41661},"minecraft:crafted":{"minecraft:oak_planks":40,"minecraft:wooden_shovel":2,"minecraft:crafting_table":2,"minecraft:stick":24,"minecraft:wooden_pickaxe":2,"minecraft:wooden_axe":2},"minecraft:mined":{"minecraft:short_grass":1,"minecraft:oak_log":14,"minecraft:oak_leaves":1,"minecraft:crafting_table":2}},"DataVersion":3955}