{"stats":{"minecraft:used":{"minecraft:cooked_mutton":3,"minecraft:wooden_axe":18,"minecraft:stone_pickaxe":15,"minecraft:wooden_pickaxe":25,"minecraft:wooden_shovel":1,"minecraft:stone_axe":2,"minecraft:crafting_table":5,"minecraft:furnace":2,"minecraft:white_bed":1},"minecraft:picked_up":{"minecraft:stick":2,"minecraft:crafting_table":5,"minecraft:porkchop":3,"minecraft:oak_log":14,"minecraft:spruce_log":6,"minecraft:white_bed":1,"minecraft:carrot":1,"minecraft:spruce_planks":14,"minecraft:mutton":6,"minecraft:coal":13,"minecraft:furnace":2,"minecraft:white_wool":3,"minecraft:cobblestone":25,"minecraft:egg":1},"minecraft:killed":{"minecraft:sheep":1,"minecraft:zombie":2,"minecraft:pig":1},"minecraft:killed_by":{"minecraft:creeper":1,"minecraft:zombie":1},"minecraft:custom":{"minecraft:time_since_rest":6965,"minecraft:interact_with_furnace":4,"minecraft:sprint_one_cm":31808,"minecraft:damage_taken":696,"minecraft:walk_one_cm":27232,"minecraft:mob_kills":4,"minecraft:damage_dealt":573,"minecraft:swim_one_cm":4389,"minecraft:interact_with_crafting_table":7,"minecraft:fly_one_cm":53276,"minecraft:crouch_one_cm":3122,"minecraft:play_time":15140,"minecraft:deaths":2,"minecraft:sneak_time":1131,"minecraft:walk_under_water_one_cm":1915,"minecraft:jump":264,"minecraft:leave_game":2,"minecraft:walk_on_water_one_cm":898,"minecraft:time_since_death":9547,"minecraft:sleep_in_bed":1,"minecraft:total_world_time":15140,"minecraft:fall_one_cm":7891},"minecraft:mined":{"minecraft:white_bed":1,"minecraft:furnace":2,"minecraft:spruce_log":6,"minecraft:crafting_table":5,"minecraft:short_grass":1,"minecraft:coal_ore":13,"minecraft:oak_log":14,"minecraft:spruce_leaves":2,"minecraft:stone":25,"minecraft:oak_leaves":1},"minecraft:crafted":{"minecraft:oak_planks":40,"minecraft:wooden_shovel":2,"minecraft:stone_shovel":1,"minecraft:crafting_table":2,"minecraft:spruce_planks":24,"minecraft:stick":36,"minecraft:wooden_pickaxe":2,"minecraft:stone_pickaxe":1,"minecraft:wooden_axe":2,"minecraft:stone_sword":1,"minecraft:furnace":2,"minecraft:white_bed":1,"minecraft:stone_axe":1,"minecraft:air":0,"minecraft:cooked_mutton":6}},"DataVersion":3955}