{
  "minecraft:recipes/decorations/crafting_table": {
    "criteria": {
      "unlock_right_away": "2024-09-13 00:08:37 +0000"
    },
    "done": true
  },
  "minecraft:adventure/adventuring_time": {
    "criteria": {
      "minecraft:meadow": "2024-09-13 00:08:38 +0000",
      "minecraft:plains": "2024-09-13 00:09:05 +0000"
    },
    "done": false
  },
  "minecraft:adventure/root": {
    "criteria": {
      "killed_by_something": "2024-09-13 00:09:14 +0000"
    },
    "done": true
  },
  "DataVersion": 3955
}